name,post_id,post_date,p_color,tags
edc9df272ba8f3408a6e0b8adca77aab,id619491620867522561,"2019-12-10, 00:00:00 GMT","(2, 2, 2)","colors,python,balloon, black,rgb: (1 1 1)"
8bffe092134cac84ac5affab4fb9b738,id619491656522137600,"2020-01-02, 00:00:00 GMT","(8, 5, 4)","colors,python,window, autumn, cat,rgb: (213 63 15)"
2c27fde2ab88cfa75ff0ec8af468c03a,id619491682280505344,"2019-12-14, 00:00:00 GMT","(12, 4, 4)","colors,python,red, theater, chair, armchair,rgb: (28 1 0)"
d737259b476c60f33b9c0a6e36b962de,id619491693970997248,"2019-12-16, 00:00:00 GMT","(20, 5, 4)","colors,python,car, rusty, old, rust,rgb: (30 6 3)"
eb3793fe21d9ea837eb5e1f619bda67b,id619491715270754304,"2019-12-12, 00:00:00 GMT","(21, 10, 7)","colors,python,artichoke,rgb: (24 5 2)"
41bad729417d7af185e7489178310dfa,id619491724720521216,"2019-12-15, 00:00:00 GMT","(17, 14, 10)","colors,python,papaya,rgb: (27 9 4)"
agra,id619491734827728897,"2019-12-31, 00:00:00 GMT","(43, 8, 7)","colors,python,agra, india,rgb: (209 44 17)"
59551ed285befcb00e9d52a65a005f2a,id619491750581518336,"2019-12-13, 00:00:00 GMT","(32, 20, 11)","colors,python,longplay, music, vintage,rgb: (25 7 2)"
mandm,id619491770248691712,"2020-01-13, 00:00:00 GMT","(51, 24, 24)","colors,python,m&m, sweet, chocolate, mandm,rgb: (20 82 8)"
2ced5b9e3a461eddadaefbcb3a48f7e4,id619491789509984256,"2019-12-20, 00:00:00 GMT","(38, 30, 24)","colors,python,door, home, plants,rgb: (30 19 11)"
f90d03c14377bb18e26081ee8eecd20d,id619491814565675008,"2020-03-08, 00:00:00 GMT","(38, 31, 24)","colors,python,apricot, fruit,rgb: (21 19 5)"
7cb42d4b9c922e42e320d444bae3aeef,id619491833897238528,"2020-01-31, 00:00:00 GMT","(45, 30, 27)","colors,python,stair, flower,rgb: (34 16 10)"
raccoon,id619491841938767872,"2020-04-30, 00:00:00 GMT","(36, 34, 34)","colors,python,racoon,rgb: (12 11 13)"
1ac16d30075fa0376a1b09746bb10d78,id619491854426193920,"2020-01-06, 00:00:00 GMT","(63, 30, 17)","colors,python,autumn, trees, leaves,rgb: (53 4 1)"
peach2,id619491859621937152,"2020-05-13, 00:00:00 GMT","(83, 27, 22)","colors,python,peach,rgb: (232 28 31)"
fcdcaec392bea800e9e877c24acccca4,id619491877192941568,"2019-12-27, 00:00:00 GMT","(103, 40, 15)","colors,python,hedgehog, autumn,rgb: (50 5 2)"
c96ef05a5cb7423c9a29873ae792a231,id619491901584850944,"2020-01-08, 00:00:00 GMT","(109, 40, 23)","colors,python,autumn, plaid, cozy,rgb: (235 45 1)"
plumas,id619491910332153856,"2019-12-29, 00:00:00 GMT","(129, 38, 36)","colors,python,feather,rgb: (209 15 12)"
a5231680454b32cf7c34d19d7f55bf91,id619491927285514240,"2019-12-30, 00:00:00 GMT","(101, 59, 35)","colors,python,camel,rgb: (72 10 1)"
erizo,id619491942874710016,"2019-12-17, 00:00:00 GMT","(73, 67, 63)","colors,python,sea, urchin,rgb: (21 16 12)"
shining,id619491954342920192,"2019-12-24, 00:00:00 GMT","(102, 61, 31)","colors,python,shinning, movies,rgb: (87 20 2)"
puebla,id619491988952236032,"2020-01-24, 00:00:00 GMT","(189, 45, 14)","colors,python,fountain,rgb: (238 131 14)"
peach,id619491993214697472,"2020-01-09, 00:00:00 GMT","(178, 54, 52)","colors,python,peach,rgb: (243 22 16)"
9997722fca0d9535d58ed23bb43a49ad,id619492024659443712,"2020-03-20, 00:00:00 GMT","(139, 73, 8)","colors,python,babaganush, eggplant, dip, food,rgb: (215 222 206)"
flo,id619492032660062208,"2020-05-31, 00:00:00 GMT","(125, 72, 69)","colors,python,flower,rgb: (254 212 234)"
kies,id619492066371764224,"2020-01-07, 00:00:00 GMT","(225, 52, 52)","colors,python,movies, bubblegum, kieslowski,rgb: (239 17 17)"
4cbcedb66cc1d0fec86dc3d06db891de,id619492075731337216,"2020-01-04, 00:00:00 GMT","(151, 88, 65)","colors,python,,rgb: (205 78 35)"
succulent,id619492086877667328,"2020-01-03, 00:00:00 GMT","(128, 108, 99)","colors,python,plant, succulent,rgb: (177 99 97)"
bee,id619492091858436096,"2020-02-15, 00:00:00 GMT","(162, 106, 7)","colors,python,bee, honey,rgb: (254 231 63)"
02bb378e6e9873fde79c1a69c7ecf8f8,id619492098180284416,"2020-01-01, 00:00:00 GMT","(140, 109, 72)","colors,python,flower,rgb: (226 32 11)"
2df432f958ac518069cfd3a592e3b541,id619492116353138688,"2020-01-17, 00:00:00 GMT","(234, 90, 2)","colors,python,flower, wall,rgb: (254 88 1)"
e9db0256563f8993255dc142de6dcee1,id619492123137458176,"2020-01-10, 00:00:00 GMT","(223, 90, 59)","colors,python,autumn, leaves,rgb: (244 41 20)"
039e7bb6dce1ad2337a0e0bcdcdcd787,id619492130488008704,"2020-02-25, 00:00:00 GMT","(156, 116, 41)","colors,python,pear, fruit,rgb: (127 56 2)"
cf35b8c2292609733eac88c8c773e507,id619492138831511552,"2020-02-27, 00:00:00 GMT","(166, 120, 11)","colors,python,corn, close-up,rgb: (247 186 6)"
35c9863931e6843b7db51093681993b6,id619492147322880000,"2020-01-23, 00:00:00 GMT","(204, 108, 39)","colors,python,wall, decor, flower,rgb: (252 105 3)"
bf6d88b006dea8fe4749532be444e194,id619492157556916225,"2020-01-14, 00:00:00 GMT","(191, 110, 83)","colors,python,autumn, cozy,rgb: (240 88 30)"
fa08db9daab426f271d2e23512bf060c,id619492170564599808,"2020-01-15, 00:00:00 GMT","(239, 110, 5)","colors,python,pepper,rgb: (248 79 0)"
335ce1b16bb35f1da669f606e0eaece2,id619492182079012864,"2020-01-30, 00:00:00 GMT","(184, 126, 45)","colors,python,shirt, warm,rgb: (245 156 11)"
28c848151a54b63dd07543b3fcb346ae,id619492187286257664,"2020-01-18, 00:00:00 GMT","(187, 132, 78)","colors,python,door,rgb: (227 121 22)"
0260fbd3496b705242809fffdcf42cca,id619492197095636992,"2020-03-06, 00:00:00 GMT","(157, 145, 114)","colors,python,lemon, sweet, pie,rgb: (133 102 28)"
window,id619492206962753536,"2020-02-26, 00:00:00 GMT","(199, 157, 3)","colors,python,window, flower,rgb: (249 191 5)"
13bec163e54e53c03e0658da9c981067,id619492224544178176,"2020-01-20, 00:00:00 GMT","(235, 140, 90)","colors,python,shell, sea,rgb: (246 103 19)"
051420d36c08cd54e5fb758d9c47db20,id619492233105801216,"2020-01-21, 00:00:00 GMT","(238, 150, 6)","colors,python,autumn, leaves, tree,rgb: (244 108 1)"
860b2f41c9fafd2d6c186ab4174c537c,id619492241668472832,"2020-03-01, 00:00:00 GMT","(202, 164, 29)","colors,python,lemon, close-up,rgb: (237 171 3)"
nuez,id619492271098871808,"2020-01-19, 00:00:00 GMT","(206, 158, 104)","colors,python,walnut,rgb: (217 130 26)"
net,id619492286162763778,"2020-01-29, 00:00:00 GMT","(208, 158, 120)","colors,python,net,rgb: (239 141 61)"
flowers,id619492293613961216,"2020-01-27, 00:00:00 GMT","(239, 159, 14)","colors,python,flower,rgb: (243 130 7)"
39f8aea99c809561c61016acc1f36fcd,id619492300077318144,"2019-12-21, 00:00:00 GMT","(195, 165, 126)","colors,python,skin, snake,rgb: (252 232 170)"
holo,id619492307184566272,"2020-02-01, 00:00:00 GMT","(183, 171, 158)","colors,python,shoes, holo,rgb: (232 220 206)"
57e67d67e291578d6b244d0a6d0dc3f7,id619492314097795072,"2020-02-29, 00:00:00 GMT","(226, 173, 16)","colors,python,door,rgb: (246 176 5)"
pist,id619492329982754816,"2019-12-18, 00:00:00 GMT","(181, 175, 164)","colors,python,pistachio,rgb: (242 238 226)"
8881e2f9bc476775f8d5b2df27604fe0,id619492339924271104,"2020-01-25, 00:00:00 GMT","(212, 170, 114)","colors,python,cookies,rgb: (255 239 162)"
cca564af33d4d1dfc916e7653c29bbd9,id619492344762368000,"2020-02-18, 00:00:00 GMT","(200, 177, 142)","colors,python,banana,rgb: (246 218 154)"
ic,id619492351634718720,"2020-02-12, 00:00:00 GMT","(191, 184, 155)","colors,python,ice cream,rgb: (234 232 202)"
van,id619492359842955264,"2020-01-28, 00:00:00 GMT","(215, 179, 138)","colors,python,vanilla, flower,rgb: (49 16 8)"
lima,id619492373047738368,"2020-02-23, 00:00:00 GMT","(246, 181, 10)","colors,python,window,rgb: (250 196 3)"
pf,id619492383676104704,"2020-02-22, 00:00:00 GMT","(251, 180, 54)","colors,python,potato, chips,rgb: (255 216 2)"
pan,id619492389132910592,"2020-01-22, 00:00:00 GMT","(206, 188, 183)","colors,python,bread,rgb: (113 6 0)"
reflection,id619492402168791040,"2020-02-20, 00:00:00 GMT","(228, 193, 116)","colors,python,face, reflection, lips,rgb: (251 222 79)"
0b813c3ff57ebc81d55e8ccd1dc21788,id619492426230480896,"2020-02-14, 00:00:00 GMT","(231, 204, 73)","colors,python,aloe, flowerpot,rgb: (254 233 1)"
siames,id619492439016734720,"2020-02-05, 00:00:00 GMT","(218, 214, 212)","colors,python,cat, siamese,rgb: (252 249 246)"
pipe,id619492448210681856,"2020-02-11, 00:00:00 GMT","(218, 215, 212)","colors,python,mosaic,rgb: (238 235 228)"
68788d484729dc0297da343a0afe835e,id619492457583902720,"2020-02-19, 00:00:00 GMT","(251, 219, 98)","colors,python,umbrella, french,rgb: (253 224 7)"
a191ed2cd2a83fbce3540fba2c0474a1,id619492462676819969,"2020-02-17, 00:00:00 GMT","(249, 221, 102)","colors,python,window,rgb: (248 230 27)"
09ebb694f9c66991467684098da547c2,id619492469513535488,"2020-02-06, 00:00:00 GMT","(235, 235, 235)","colors,python,vogue, magazine,rgb: (250 250 250)"
per,id619492475674984448,"2020-02-04, 00:00:00 GMT","(242, 237, 237)","colors,python,face, line, model,rgb: (252 245 240)"
75bdbb88471277b3e4a4d2fd7dd510e4,id619492485673238528,"2019-12-28, 00:00:00 GMT","(246, 245, 244)","colors,python,ice cream,rgb: (255 251 245)"
tea,id619492492012879872,"2020-03-15, 00:00:00 GMT","(224, 247, 201)","colors,python,tea,rgb: (243 246 225)"
banana,id619492500151877632,"2020-02-28, 00:00:00 GMT","(241, 232, 139)","colors,python,banana, monkey,rgb: (227 198 8)"
08e073a91433365f86c2cac626e165bd,id619492505888686080,"2020-03-21, 00:00:00 GMT","(215, 215, 210)","colors,python,sea, waves,rgb: (228 237 229)"
2190f8084bc57bd5832a650392614a5d,id619492512718094336,"2020-02-21, 00:00:00 GMT","(237, 213, 32)","colors,python,flowers, model,rgb: (249 224 3)"
gr,id619492529525637120,"2020-03-16, 00:00:00 GMT","(192, 211, 143)","colors,python,cucumber, apple, lime, mint,rgb: (245 253 213)"
0a8616ebe57d001669e7c22bafdf3b22,id619492535611572225,"2020-05-22, 00:00:00 GMT","(152, 175, 68)","colors,python,fruit,rgb: (250 59 77)"
thread,id619492540563980288,"2020-03-04, 00:00:00 GMT","(146, 159, 85)","colors,python,thread,rgb: (158 178 38)"
but,id619492548591992832,"2020-03-03, 00:00:00 GMT","(110, 145, 86)","colors,python,butterfly, flower,rgb: (212 178 28)"
matcha2,id619492557219643392,"2020-03-05, 00:00:00 GMT","(100, 140, 35)","colors,python,matcha, ice cream,rgb: (166 160 18)"
9076164a8e03125d6d1c40601dc6313b,id619492566607495168,"2020-03-25, 00:00:00 GMT","(89, 105, 72)","colors,python,bird, parrot, tropical,rgb: (38 83 63)"
cffe0dea4bd51d87d82cf82996e3ec99,id619492571627012096,"2020-03-07, 00:00:00 GMT","(33, 48, 11)","colors,python,berries,rgb: (43 35 5)"
638d3fc4ecd8471815769a763fd436c4,id619492576657063936,"2020-05-12, 00:00:00 GMT","(30, 34, 27)","colors,python,flower,rgb: (231 3 11)"
5e5eba5253f6afad8db6662a31d65872,id619492580282007552,"2020-01-16, 00:00:00 GMT","(32, 32, 18)","colors,python,flower,rgb: (18 21 10)"
nemo,id619492592037576704,"2020-03-11, 00:00:00 GMT","(11, 18, 7)","colors,python,fish, clown fish, sea,rgb: (6 23 1)"
5ed104747032281d9e8a49366c2f694b,id619492608141623296,"2020-02-24, 00:00:00 GMT","(11, 14, 3)","colors,python,flower, sunflower,rgb: (241 201 2)"
d072cb092a6b5e3e5e9746ff42a928e3,id619492615973470209,"2020-03-10, 00:00:00 GMT","(7, 11, 3)","colors,python,vespa,rgb: (6 18 0)"
matcha,id619492622071955456,"2020-03-09, 00:00:00 GMT","(7, 8, 3)","colors,python,matcha,rgb: (8 13 2)"
av,id619492627238289408,"2020-03-30, 00:00:00 GMT","(8, 13, 8)","colors,python,avocado,rgb: (5 14 6)"
0e11868a7e6a459af2f92249a04a138c,id619492651856805888,"2020-03-18, 00:00:00 GMT","(9, 26, 10)","colors,python,good luck, clover, plant,rgb: (0 12 0)"
9445d79d9575b5db7318fb3ccf4c013b,id619492656803921920,"2020-03-19, 00:00:00 GMT","(8, 33, 5)","colors,python,watermelon,rgb: (1 31 1)"
69a872bc4c08e4590caad30182014186,id619492660930068480,"2020-03-27, 00:00:00 GMT","(13, 45, 31)","colors,python,cacti,rgb: (4 44 7)"
throne,id619492668307865601,"2020-03-13, 00:00:00 GMT","(37, 57, 42)","colors,python,room,rgb: (15 45 13)"
aa2eb5ce06b14a426986fbe839c86034,id619492675943546880,"2020-03-17, 00:00:00 GMT","(22, 78, 16)","colors,python,pesto, dip, sauce,rgb: (7 71 4)"
tile,id619492679992180736,"2020-03-23, 00:00:00 GMT","(73, 136, 76)","colors,python,tile,rgb: (53 195 64)"
cacti,id619492684180144129,"2020-03-22, 00:00:00 GMT","(74, 161, 112)","colors,python,cacti,rgb: (67 236 142)"
peters,id619492691143786496,"2020-04-09, 00:00:00 GMT","(194, 200, 196)","colors,python,russia,rgb: (183 231 239)"
blossom,id619492697590349824,"2020-02-03, 00:00:00 GMT","(229, 232, 230)","colors,python,bloom, flower,rgb: (248 244 242)"
cat,id619492705500839936,"2020-05-08, 00:00:00 GMT","(232, 236, 237)","colors,python,cat, flower, window,rgb: (252 251 250)"
coc,id619492708918116352,"2020-04-11, 00:00:00 GMT","(220, 223, 225)","colors,python,coconut,rgb: (240 243 244)"
e0359d39b49ceada8ee56fb23b52825b,id619492716665077760,"2020-04-05, 00:00:00 GMT","(96, 204, 219)","colors,python,octopus, sea,rgb: (20 228 243)"
68320e05c6b538567d454c1bfd21f143,id619492722014830592,"2020-04-04, 00:00:00 GMT","(172, 175, 175)","colors,python,,rgb: (164 171 171)"
b9c74a0e0fdcd787ec37c69161aacef0,id619492728346148864,"2020-04-06, 00:00:00 GMT","(110, 166, 192)","colors,python,succulent,rgb: (111 219 250)"
tibet,id619492738845589504,"2020-01-05, 00:00:00 GMT","(114, 163, 146)","colors,python,,rgb: (225 47 43)"
82985b25b31316e21158c66c89c93d63,id619492747595972608,"2020-04-07, 00:00:00 GMT","(115, 155, 145)","colors,python,rust, rusty,rgb: (43 50 28)"
83b1cfe71ae67176bf98186859eb4555,id619492754179915776,"2020-04-03, 00:00:00 GMT","(24, 111, 94)","colors,python,papaya,rgb: (4 60 21)"
teal,id619492773519933440,"2020-04-02, 00:00:00 GMT","(10, 107, 96)","colors,python,subway,rgb: (18 174 152)"
sp,id619492782978056192,"2020-03-24, 00:00:00 GMT","(44, 88, 82)","colors,python,snake, skin, holo,rgb: (9 61 51)"
6bf7bb6ba078ffb96fa1bf7dc73d28a0,id619492795492777984,"2020-04-01, 00:00:00 GMT","(39, 86, 67)","colors,python,fig,rgb: (19 56 48)"
lea,id619492803252305920,"2020-03-31, 00:00:00 GMT","(6, 55, 50)","colors,python,plant, leaves,rgb: (0 38 38)"
tropical,id619492808675491840,"2020-03-29, 00:00:00 GMT","(22, 28, 26)","colors,python,plant, leaves,rgb: (3 15 7)"
lea2,id619492813685538816,"2020-03-28, 00:00:00 GMT","(9, 22, 19)","colors,python,plant, leaves,rgb: (3 24 4)"
bjork2,id619492823095508992,"2020-05-09, 00:00:00 GMT","(3, 3, 4)","colors,python,bjork, face,rgb: (2 1 2)"
3eb5ddb4aebd19816bb664b28b9df0fc,id619492831559663616,"2020-04-23, 00:00:00 GMT","(2, 3, 10)","colors,python,neon, night,rgb: (0 1 18)"
e74d123b69763dd689bc899ca04cc174,id619492837789204480,"2020-04-24, 00:00:00 GMT","(8, 5, 19)","colors,python,knot,rgb: (15 8 42)"
umbrella,id619492844149833729,"2020-04-27, 00:00:00 GMT","(6, 8, 23)","colors,python,umbrella, neon,rgb: (4 1 47)"
afd05affb8ee9a16f8cd55ac30cfd969,id619492855143104512,"2020-04-22, 00:00:00 GMT","(10, 12, 22)","colors,python,blue berries,rgb: (6 9 27)"
mos,id619492870800506880,"2020-05-06, 00:00:00 GMT","(20, 22, 30)","colors,python,dome, mosaic,rgb: (31 26 31)"
denim,id619492879253078017,"2020-02-08, 00:00:00 GMT","(21, 23, 38)","colors,python,denim, jean, model,rgb: (8 6 21)"
fe7e1edbcda543fc2d7e3dc4bf54c5fe,id619492888707022848,"2020-04-19, 00:00:00 GMT","(4, 60, 120)","colors,python,flower, wall,rgb: (2 76 195)"
7c5c1b29e2321f5d03aa42c3baaa0507,id619492905582723072,"2020-04-20, 00:00:00 GMT","(38, 65, 139)","colors,python,ceramics,rgb: (8 59 205)"
f5a9c5dfafd3e3d014512200e4cca865,id619492914210521088,"2020-04-17, 00:00:00 GMT","(44, 66, 148)","colors,python,window, flower,rgb: (36 81 238)"
73fa52b1a13aa3578de598bfd1a3721d,id619492920381358080,"2020-04-15, 00:00:00 GMT","(48, 112, 245)","colors,python,flower, flowerpot,rgb: (8 116 253)"
india,id619492928628342784,"2020-04-18, 00:00:00 GMT","(58, 113, 208)","colors,python,india, stairs,rgb: (3 70 239)"
350ecf9416b807877ec2acf132e6df28,id619492933057544192,"2020-04-29, 00:00:00 GMT","(120, 103, 234)","colors,python,,rgb: (114 75 243)"
morr,id619492938794369024,"2020-04-13, 00:00:00 GMT","(150, 153, 170)","colors,python,stairs,rgb: (122 140 193)"
ac144eb4fe749a4c231bbe874f0dd1ea,id619492967548387328,"2020-04-08, 00:00:00 GMT","(166, 175, 186)","colors,python,egypt, camel,rgb: (207 216 217)"
5d00f445b8dd9eabd4b2193155d1db9e,id619492973870252032,"2020-04-16, 00:00:00 GMT","(192, 199, 215)","colors,python,clouds, sky,rgb: (4 113 236)"
f1e8062cf312a021194fa5a28c3b521e,id619492984181932033,"2020-04-12, 00:00:00 GMT","(208, 210, 213)","colors,python,charcoal, ice cream,rgb: (242 245 249)"
bal,id619492990251040768,"2020-04-14, 00:00:00 GMT","(202, 211, 225)","colors,python,ballon,rgb: (94 132 218)"
c1c53edc23ce20380fe348a76770c104,id619493011466977280,"2019-12-23, 00:00:00 GMT","(214, 218, 222)","colors,python,chocolate truffle, sweet,rgb: (245 245 246)"
zaan,id619493021196615680,"2020-03-26, 00:00:00 GMT","(208, 220, 231)","colors,python,sea,rgb: (15 47 15)"
mango,id619493029073616896,"2020-02-10, 00:00:00 GMT","(227, 227, 235)","colors,python,mango, lime,rgb: (247 246 242)"
lamp,id619493035811766272,"2020-02-07, 00:00:00 GMT","(239, 238, 242)","colors,python,chair, light,rgb: (251 251 251)"
1bd9b38e59eabb23abbcda38a323c8e9,id619493041856708608,"2020-02-09, 00:00:00 GMT","(240, 242, 247)","colors,python,macarons,rgb: (252 246 229)"
heart,id619493060873781249,"2020-02-02, 00:00:00 GMT","(243, 243, 244)","colors,python,heart, macaron, sweet,rgb: (77 3 2)"
06df28fbcf3ddb7eae63f69ebfce177f,id619493066847518720,"2020-04-26, 00:00:00 GMT","(227, 218, 227)","colors,python,bottles, glass,rgb: (29 61 233)"
jap,id619493073844584448,"2020-05-02, 00:00:00 GMT","(192, 142, 190)","colors,python,flower, japan,rgb: (248 176 247)"
89d941360a52ba0481dedf47b0d36b3c,id619493079459725312,"2020-05-04, 00:00:00 GMT","(124, 37, 163)","colors,python,alien, neon,rgb: (209 4 247)"
027222a1267aa4237522aaebc5ede520,id619493083261894656,"2020-04-28, 00:00:00 GMT","(92, 26, 137)","colors,python,door,rgb: (117 7 206)"
96a5bda36aee92754d0a50ca2e4024ab,id619493103542435840,"2020-05-05, 00:00:00 GMT","(111, 16, 148)","colors,python,pepper,rgb: (180 5 232)"
res,id619493110920216576,"2020-02-13, 00:00:00 GMT","(48, 41, 50)","colors,python,model,rgb: (241 239 96)"
b0b4c98f40aa3757ca1e044f7c212393,id619493116497494017,"2020-04-25, 00:00:00 GMT","(23, 13, 35)","colors,python,fig,rgb: (21 3 42)"
4cce5f10e307d2c1e501938389db9fa0,id619493120955056128,"2020-05-07, 00:00:00 GMT","(11, 6, 13)","colors,python,berries,rgb: (17 6 16)"
gar,id619493130566352896,"2020-01-11, 00:00:00 GMT","(14, 8, 11)","colors,python,fruit, garden,rgb: (197 111 11)"
bjork,id619493140935622656,"2020-05-15, 00:00:00 GMT","(18, 13, 14)","colors,python,bjork, volta,rgb: (241 20 77)"
hazelnuts,id619493155412344832,"2019-12-19, 00:00:00 GMT","(24, 12, 17)","colors,python,hazelnut,rgb: (33 5 3)"
eb3720c19c9058aa321df37e5c82b67a,id619493199299379200,"2019-12-26, 00:00:00 GMT","(121, 7, 20)","colors,python,soup, borscht,rgb: (243 239 213)"
9faa0909c6e6f741c42c27abbe32f861,id619493205211234304,"2020-05-17, 00:00:00 GMT","(157, 2, 3)","colors,python,feather,rgb: (251 2 3)"
ic2,id619493216701628416,"2020-05-10, 00:00:00 GMT","(93, 47, 59)","colors,python,ice cream, berries,rgb: (60 4 13)"
fe4b3fd1e2b748a8ada85ab8bdd06ef0,id619493221731581952,"2020-05-14, 00:00:00 GMT","(181, 20, 59)","colors,python,plum,rgb: (242 6 48)"
aa89e981b6a63fa8a1fa253d68c7a2a3,id619493226331734016,"2020-05-16, 00:00:00 GMT","(158, 83, 95)","colors,python,flower,rgb: (75 5 6)"
gf,id619493231702507520,"2020-05-18, 00:00:00 GMT","(249, 65, 105)","colors,python,grapefruit,rgb: (255 7 66)"
cake,id619493238122938368,"2020-05-01, 00:00:00 GMT","(142, 104, 125)","colors,python,cake, icing,rgb: (122 40 23)"
aecd3acf09c5bf0772ab0a913a4e7eeb,id619697809251352576,"2020-06-01, 00:00:00 GMT","(253, 221, 229)","colors,python,building, window,rgb: (253 221 229)"
69fefa7cdef63f003286c2c0a8064d7c,id619697823862194177,"2020-05-30, 00:00:00 GMT","(252, 215, 225)","colors,python,silk, extra,rgb: (252 215 225)"
373cc3217e11b7059d0ec44b1480f617,id619697859853434880,"2020-05-29, 00:00:00 GMT","(255, 188, 191)","colors,python,model, photography,rgb: (255 188 191)"
ceb,id619697866238263296,"2020-05-28, 00:00:00 GMT","(246, 172, 216)","colors,python,onion,rgb: (246 172 216)"
99fafc0e66a78fdede1bfda2872d7b36,id619697929027026944,"2020-05-27, 00:00:00 GMT","(244, 172, 215)","colors,python,car, volkswagen,rgb: (244 172 215)"
sea,id619697936674258944,"2020-05-26, 00:00:00 GMT","(231, 170, 184)","colors,python,sea, waves,rgb: (231 170 184)"
mallows,id619697945628033024,"2020-05-25, 00:00:00 GMT","(248, 157, 175)","colors,python,heart, marshmallow,rgb: (248 157 175)"
b64b285fd18e272b85043332f06fb499,id619697951375294464,"2020-05-24, 00:00:00 GMT","(243, 138, 156)","colors,python,kitkat,rgb: (243 138 156)"
a2cbb62b458a8eb342231de5b825015c,id619697963330142208,"2020-05-23, 00:00:00 GMT","(222, 126, 143)","colors,python,sea, sea shell,rgb: (222 126 143)"
mousse,id619697976046125056,"2020-05-21, 00:00:00 GMT","(152, 20, 18)","colors,python,mousse, strawberry,rgb: (152 20 18)"
jean,id619697983063212032,"2020-05-20, 00:00:00 GMT","(251, 30, 104)","colors,python,model, photography,rgb: (251 30 104)"
ed23db930a46036042876c93e8892035,id619697989457494016,"2020-05-19, 00:00:00 GMT","(250, 9, 110)","colors,python,silk, holo,rgb: (250 9 110)"
oct,id619698032855990272,"2020-05-11, 00:00:00 GMT","(253, 220, 225)","colors,python,octopus, sea, creature, tentacles,rgb: (253 220 225)"
ajo,id619698043471773696,"2020-05-03, 00:00:00 GMT","(240, 177, 223)","colors,python,garlic,rgb: (240 177 223)"
36c0c3842ae27d4273b71f631461f44e,id619768146982813696,"2019-12-22, 00:00:00 GMT","(52, 3, 4)","colors,python,flower, spring,rgb: (53 6 4)"
knkft95kjh151,id619768190753505280,"2020-04-21, 00:00:00 GMT","(243, 245, 250)","colors,python,lighthouse, wave, sea, nature,rgb: (3 17 38)"
ssmFU4nYEHIBA_yMj0q7UZdvsO5kz2Jwb4DmxtC9lXA,id619768207032598528,"2020-04-10, 00:00:00 GMT","(9, 23, 32)","colors,python,concert, venice,rgb: (9 23 32)"
tumblr_njz9drX3WF1r38w10o1_540,id619768230423216128,"2020-03-12, 00:00:00 GMT","(7, 27, 4)","colors,python,flower, spring,rgb: (9 29 5)"
cx9bc2mc8qx41,id619768238734262272,"2020-03-14, 00:00:00 GMT","(5, 25, 0)","colors,python,garlic, flower,rgb: (7 49 1)"
1fc604aa185d824765a6b9582df3b6a6,id619768246868049920,"2020-03-02, 00:00:00 GMT","(93, 0, 161)","colors,python,window,rgb: (62 7 98)"
325vhan02s051,id619768267285872640,"2020-02-16, 00:00:00 GMT","(204, 252, 100)","colors,python,cat, leaves, hiding spot,rgb: (204 252 100)"
tumblr_dd48cabf20a43242959a1b3cd9b1a225_10c6025d_400,id619768287550668800,"2019-12-25, 00:00:00 GMT","(252, 246, 168)","colors,python,waffle, cute, bear,rgb: (252 244 158)"
1f23d405f5268c7e1dd58bcd81a3d358,id619768305929109504,"2020-01-26, 00:00:00 GMT","(247, 154, 32)","colors,python,ginger, gingerbread man,rgb: (231 139 31)"
321faa0baaf1f30cca4af3ae7f0551f6,id619768310788177920,"2020-01-12, 00:00:00 GMT","(197, 168, 155)","colors,python,stone,rgb: (168 139 125)"
tumblr_ntfry6l8nD1tn6jt3o1_540,id619768334771273728,"2019-12-11, 00:00:00 GMT","(16, 7, 4)","colors,python,coffe, milk,rgb: (16 7 4)"
